Match;Competition;Date;Position;Minutes played;Total actions / successful;;Goals;Assists;Shots / on target;;xG;Passes / accurate;;Long passes / accurate;;Crosses / accurate;;Dribbles / successful;;Duels / won;;Aerial duels / won;;Interceptions;Losses / own half;;Recoveries / opp. half;;Yellow card;Red card;Defensive duels / won;;Loose ball duels / won;;Sliding tackles / successful;;Clearances;Fouls;Yellow cards;Red cards;Shot assists;Offensive duels / won;;Touches in penalty area;Offsides;Progressive runs;Fouls suffered;Through passes / accurate;;xA;Second assists;Passes to final third / accurate;;Passes to penalty area / accurate;;Received passes;Forward passes / accurate;;Back passes / accurate;;Conceded goals;xCG;Shots against;Saves / with reflexes;;Exits;Passes to GK / accurate;;Goal kicks;Short goal kicks;Long goal kicks
Barcelona - Celta de Vigo 1:2;Spain. LaLiga;2021-05-16;CF;94;117;76;1;0;7;2;0,84;63;53;8;5;2;0;13;7;31;15;1;0;2;15;1;3;3;0;0;2;2;0;0;0;0;0;0;0;0;4;28;13;11;0;7;1;3;1;0,69;0;9;9;6;4;50;21;17;14;14;0;0;0;0;0;0;0;0;0;0;0
Levante - Barcelona 3:3;Spain. LaLiga;2021-05-11;CF;95;75;47;1;0;6;1;0,42;44;35;4;2;1;1;8;4;15;7;1;0;0;5;1;5;5;0;0;0;0;1;0;0;0;0;0;0;0;2;13;7;4;1;2;3;4;2;0,29;0;5;4;6;4;36;17;12;7;6;0;0;0;0;0;0;0;0;0;0;0
Barcelona - Atlético Madrid 0:0;Spain. LaLiga;2021-05-08;CF;97;92;70;0;0;2;1;0,12;49;42;3;2;1;1;14;11;29;18;1;0;1;13;2;4;3;0;0;1;1;4;1;0;0;0;0;0;0;3;23;16;2;0;10;9;4;1;0,36;0;7;5;3;2;42;14;11;7;6;0;0;0;0;0;0;0;0;0;0;0
Valencia - Barcelona 2:3;Spain. LaLiga;2021-05-02;CF;95;125;84;2;0;5;3;1,71;81;65;5;3;2;1;4;3;21;8;0;0;2;16;2;1;1;0;0;4;3;3;1;0;0;0;1;0;0;1;14;4;4;0;4;3;2;0;0,34;0;19;14;8;7;68;28;19;11;10;0;0;0;0;0;0;0;0;0;0;0
Barcelona - Granada 1:2;Spain. LaLiga;2021-04-29;AMF, CF;95;122;88;1;0;6;2;0,53;75;64;3;2;5;4;18;12;32;16;0;0;0;13;0;0;0;0;0;1;1;3;1;0;0;0;0;0;0;1;28;14;5;0;10;6;3;0;0,08;0;10;9;11;8;67;20;16;3;3;0;0;0;0;0;0;0;0;0;0;0
Villarreal - Barcelona 1:2;Spain. LaLiga;2021-04-25;CF;96;89;60;0;0;3;1;0,35;46;42;1;1;0;0;8;6;30;13;1;0;0;10;3;6;3;0;0;3;0;2;2;1;1;0;0;0;0;0;24;11;2;0;4;5;3;1;0;0;5;5;4;1;33;14;13;9;9;0;0;0;0;0;0;0;0;0;0;0
Barcelona - Getafe 5:2;Spain. LaLiga;2021-04-22;CF;94;87;62;2;1;8;4;1,25;50;41;2;1;0;0;6;4;19;11;0;0;0;16;1;2;2;0;0;4;2;0;0;0;0;0;0;0;0;1;15;9;7;0;7;4;6;2;0,32;0;8;4;5;4;48;23;17;5;4;0;0;0;0;0;0;0;0;0;0;0
Real Madrid - Barcelona 2:1;Spain. LaLiga;2021-04-10;AMF, CF;97;114;81;0;0;5;2;0,33;64;58;2;2;4;2;14;8;33;13;0;0;1;13;1;1;0;0;0;2;0;8;2;1;0;0;1;0;0;2;23;11;5;0;6;3;4;1;0,55;1;7;6;10;6;53;19;17;9;9;0;0;0;0;0;0;0;0;0;0;0
Barcelona - Real Valladolid 1:0;Spain. LaLiga;2021-04-05;CF;96;98;56;0;0;6;2;0,14;51;43;1;1;1;0;10;2;29;5;1;0;0;18;0;2;2;0;0;3;0;2;2;0;0;0;1;0;0;3;23;3;1;0;7;2;2;2;0,12;0;6;6;7;3;40;13;10;11;11;0;0;0;0;0;0;0;0;0;0;0
Real Sociedad - Barcelona 1:6;Spain. LaLiga;2021-03-21;RWF, CF;96;121;80;2;1;5;3;0,7;71;62;3;0;0;0;7;1;30;11;0;0;2;14;2;2;2;0;0;5;5;2;1;0;0;0;1;0;0;2;23;5;4;0;5;1;9;4;0,22;0;12;10;10;7;60;22;19;16;16;0;0;0;0;0;0;0;0;0;0;0
Barcelona - Huesca 4:1;Spain. LaLiga;2021-03-15;CF, RWF;96;137;101;2;1;6;2;0,27;92;80;0;0;1;1;16;11;28;15;0;0;1;20;1;2;2;0;0;1;0;2;1;0;0;0;1;0;0;3;25;14;1;0;4;4;7;5;0,23;0;18;16;8;7;82;33;26;9;8;0;0;0;0;0;0;0;0;0;0;0
Osasuna - Barcelona 0:2;Spain. LaLiga;2021-03-06;CF;94;101;73;0;1;5;2;0,45;72;62;5;2;1;1;6;5;10;5;0;0;0;9;1;0;0;0;0;0;0;2;0;0;0;0;0;0;0;6;8;5;4;1;9;0;6;3;0,44;0;11;10;9;5;68;21;17;11;10;0;0;0;0;0;0;0;0;0;0;0
Sevilla - Barcelona 0:2;Spain. LaLiga;2021-02-27;CF;95;104;75;1;1;3;2;1,25;61;54;2;1;4;2;9;7;31;17;2;0;2;12;3;4;3;42;0;5;2;0;0;0;0;0;2;1;0;1;24;15;4;0;7;4;2;0;0,18;0;11;10;7;5;50;20;16;12;12;0;0;0;0;0;0;0;0;0;0;0
Barcelona - Elche 3:0;Spain. LaLiga;2021-02-24;CF;94;105;71;2;0;3;2;1,14;65;56;5;2;0;0;11;7;18;9;0;0;2;14;0;1;1;0;0;1;1;2;0;0;0;0;0;0;0;1;15;8;4;0;4;1;5;1;0,46;2;10;7;8;4;57;21;13;18;18;0;0;0;0;0;0;0;0;0;0;0
Barcelona - Cádiz 1:1;Spain. LaLiga;2021-02-21;CF;97;129;88;1;0;8;3;1,75;88;74;1;0;2;0;10;4;18;7;1;1;2;16;0;2;2;0;0;0;0;2;1;0;0;0;1;0;0;2;15;5;8;0;7;0;3;1;0,2;0;9;8;13;8;75;29;24;14;14;0;0;0;0;0;0;0;0;0;0;0
Barcelona - Deportivo Alavés 5:1;Spain. LaLiga;2021-02-13;CF;93;112;78;2;0;7;5;0,69;71;60;2;1;1;0;9;7;23;10;1;0;0;13;1;0;0;0;0;2;1;4;0;1;0;0;2;0;0;1;16;9;4;0;8;3;6;3;0,37;1;8;6;5;2;68;14;10;13;11;0;0;0;0;0;0;0;0;0;0;0
Real Betis - Barcelona 2:3;Spain. LaLiga;2021-02-07;AMF;38;33;21;1;0;2;1;0,1;20;17;3;2;0;0;4;1;10;3;0;0;0;5;1;1;1;0;0;0;0;0;0;0;0;0;0;0;0;1;10;3;2;0;1;2;3;2;0,06;0;5;5;5;4;17;11;10;2;2;0;0;0;0;0;0;0;0;0;0;0
Barcelona - Athletic Club 2:1;Spain. LaLiga;2021-01-31;CF;96;111;73;1;0;3;2;0,92;56;47;3;3;1;0;13;5;33;19;1;1;2;13;1;3;2;0;0;2;1;4;3;0;0;0;1;0;0;2;26;14;5;0;10;5;5;0;0,41;0;12;12;6;3;41;25;18;8;8;0;0;0;0;0;0;0;0;0;0;0
Granada - Barcelona 0:4;Spain. LaLiga;2021-01-09;CF;66;78;61;2;0;2;2;0,42;58;51;0;0;0;0;4;1;12;5;0;0;1;11;1;1;1;0;0;0;0;2;0;0;0;0;0;0;0;0;10;5;3;0;2;2;2;0;0;0;9;8;4;1;51;18;14;15;15;0;0;0;0;0;0;0;0;0;0;0
Athletic Club - Barcelona 2:3;Spain. LaLiga;2021-01-06;CF;95;125;75;2;0;5;2;0,58;67;57;6;4;1;0;8;2;28;12;0;0;2;12;1;3;1;0;0;6;4;4;1;0;0;0;1;0;0;1;18;7;6;2;7;2;8;4;0,02;1;8;7;8;4;56;17;14;12;12;0;0;0;0;0;0;0;0;0;0;0
Huesca - Barcelona 0:1;Spain. LaLiga;2021-01-03;RWF;92;137;91;0;1;8;2;0,46;87;73;4;0;2;1;16;10;33;16;0;0;2;18;0;3;3;0;0;3;0;1;1;0;0;0;0;0;0;1;29;15;4;1;3;3;9;1;0,29;0;11;11;13;3;74;26;14;9;9;0;0;0;0;0;0;0;0;0;0;0
Real Valladolid - Barcelona 0:3;Spain. LaLiga;2020-12-22;RWF, CF;95;130;100;1;1;11;7;1,74;82;75;1;1;1;1;13;7;24;11;1;0;0;8;1;4;3;0;0;1;1;0;0;0;0;0;0;0;0;2;22;10;11;0;7;0;1;1;0,23;0;7;7;5;3;73;25;21;14;13;0;0;0;0;0;0;0;0;0;0;0
Barcelona - Valencia 2:2;Spain. LaLiga;2020-12-19;AMF, CF, RAMF;100;114;86;1;0;10;4;1,99;73;62;3;0;4;2;13;10;24;16;1;1;0;9;0;6;6;0;0;0;0;1;0;0;0;0;1;0;0;2;22;15;5;0;7;3;5;1;0,52;0;6;4;11;7;60;25;17;9;9;0;0;0;0;0;0;0;0;0;0;0
Barcelona - Real Sociedad 2:1;Spain. LaLiga;2020-12-16;CF;96;116;81;0;0;3;1;0,4;62;53;5;2;2;1;11;6;33;19;1;1;0;11;4;1;1;0;0;9;5;0;0;0;0;1;2;0;0;1;23;13;4;0;2;3;5;2;0,08;0;13;10;3;3;43;26;22;6;5;0;0;0;0;0;0;0;0;0;0;0
Barcelona - Levante 1:0;Spain. LaLiga;2020-12-13;CF, RW;96;107;69;1;0;12;6;0,94;57;47;1;0;4;1;9;2;22;8;1;1;1;13;1;3;3;0;0;0;0;3;1;0;0;0;0;0;0;3;18;6;11;0;4;4;4;1;0,39;0;12;11;10;5;50;18;14;5;5;0;0;0;0;0;0;0;0;0;0;0
Cádiz - Barcelona 2:1;Spain. LaLiga;2020-12-05;RAMF;99;124;84;0;0;11;5;0,96;80;64;2;1;2;1;13;8;32;14;0;0;1;23;1;3;3;0;0;1;0;3;1;0;0;0;0;0;0;2;28;13;7;0;3;3;5;3;0,14;0;14;12;12;8;60;28;23;8;8;0;0;0;0;0;0;0;0;0;0;0
Barcelona - Osasuna 4:0;Spain. LaLiga;2020-11-29;CF, RAMF;96;95;70;1;0;5;2;0,44;63;56;5;4;1;1;13;5;23;10;0;0;1;5;0;1;1;74;0;3;2;2;0;0;0;0;1;0;0;4;18;8;3;0;3;2;8;5;0,46;0;16;11;12;10;57;28;22;9;9;0;0;0;0;0;0;0;0;0;0;0
Atlético Madrid - Barcelona 1:0;Spain. LaLiga;2020-11-21;AMF;98;72;49;0;0;4;1;0,21;46;38;3;3;2;2;10;6;18;9;1;1;0;10;1;1;1;0;0;1;0;0;0;0;0;0;0;0;0;3;16;8;2;0;1;3;4;3;0,45;0;9;7;7;6;41;22;14;5;5;0;0;0;0;0;0;0;0;0;0;0
Barcelona - Real Betis 5:2;Spain. LaLiga;2020-11-07;CF;51;67;47;2;0;3;3;1,15;46;37;1;0;2;0;5;3;15;7;1;0;1;10;1;2;2;0;0;1;1;0;0;0;0;0;0;0;0;2;13;6;8;0;0;1;8;3;0,13;0;7;6;12;5;45;13;7;13;13;0;0;0;0;0;0;0;0;0;0;0
Deportivo Alavés - Barcelona 1:1;Spain. LaLiga;2020-10-31;CF;99;118;73;0;0;9;4;0,68;62;47;2;1;3;1;14;6;35;15;0;0;2;21;0;2;2;39;0;2;2;1;0;0;0;0;0;1;0;1;32;13;10;1;8;3;4;0;0,14;0;9;7;3;1;48;17;13;10;10;0;0;0;0;0;0;0;0;0;0;0
Barcelona - Real Madrid 1:3;Spain. LaLiga;2020-10-24;AMF, CF;97;104;72;0;0;3;2;0,43;62;55;2;2;1;0;13;4;25;10;0;0;0;17;2;1;1;91;0;4;2;1;0;0;0;0;2;1;0;0;20;8;3;0;4;3;5;2;0;1;15;14;7;5;52;23;19;5;5;0;0;0;0;0;0;0;0;0;0;0
Getafe - Barcelona 1:0;Spain. LaLiga;2020-10-17;AMF, CF, RAMF;98;69;46;0;0;3;1;0,58;36;28;1;0;1;0;7;4;19;9;0;0;3;6;2;4;2;0;0;1;0;1;0;0;0;0;0;0;0;2;17;9;2;0;3;3;0;0;0,34;0;6;6;2;1;25;12;8;5;5;0;0;0;0;0;0;0;0;0;0;0
Barcelona - Sevilla 1:1;Spain. LaLiga;2020-10-04;CF;95;102;66;0;0;3;1;0,14;63;55;3;2;1;0;10;5;19;6;0;0;1;11;1;0;0;0;0;2;0;1;0;0;0;0;2;0;0;2;16;6;3;0;6;0;1;0;0,06;0;10;9;3;0;51;15;13;12;11;0;0;0;0;0;0;0;0;0;0;0
Celta de Vigo - Barcelona 0:3;Spain. LaLiga;2020-10-01;CF;99;110;75;0;0;2;1;0,07;62;55;2;2;3;1;5;4;24;13;1;1;4;10;2;4;3;0;0;4;1;3;0;2;0;0;2;0;0;2;16;11;6;1;2;5;2;0;0,16;0;9;8;3;2;52;14;13;14;14;0;0;0;0;0;0;0;0;0;0;0
Barcelona - Villarreal 4:0;Spain. LaLiga;2020-09-27;CF;94;96;69;1;0;7;4;1,95;58;51;4;4;3;0;9;6;23;12;0;0;0;9;0;2;1;0;0;4;3;3;0;0;0;0;0;0;0;1;16;9;8;0;1;2;3;2;0;0;13;12;5;4;55;20;17;7;6;0;0;0;0;0;0;0;0;0;0;0
Deportivo Alavés - Barcelona 0:5;Spain. LaLiga;2020-07-19;RWF;96;98;62;2;0;4;2;0,59;54;45;3;3;4;2;13;5;27;11;0;0;0;10;1;1;1;0;0;2;1;1;0;0;0;0;2;0;0;1;24;10;7;1;3;2;4;4;0,16;2;6;5;5;4;47;11;8;14;13;0;0;0;0;0;0;0;0;0;0;0
Barcelona - Osasuna 1:2;Spain. LaLiga;2020-07-16;RWF;103;117;78;1;0;9;2;0,68;78;57;11;5;6;4;15;11;24;17;0;0;0;19;1;1;1;0;0;0;0;4;3;0;0;0;0;0;0;3;20;14;6;1;9;3;7;0;0,29;0;15;13;16;6;69;30;18;8;7;0;0;0;0;0;0;0;0;0;0;0
Real Valladolid - Barcelona 0:1;Spain. LaLiga;2020-07-11;CF;99;101;64;0;1;3;1;0,29;63;47;7;6;2;1;12;7;23;11;0;0;1;18;2;1;1;0;0;3;1;2;1;0;0;0;0;0;0;1;18;9;5;0;10;2;3;2;0,16;0;9;9;4;3;53;16;13;16;13;0;0;0;0;0;0;0;0;0;0;0
Barcelona - Espanyol 1:0;Spain. LaLiga;2020-07-08;RW, RWF;99;117;82;0;0;4;1;0,39;86;72;3;2;3;0;9;4;18;8;0;0;0;9;0;1;1;0;0;2;1;2;0;0;0;0;0;0;0;0;14;7;4;1;9;3;3;0;0;0;13;8;8;3;85;29;22;14;13;0;0;0;0;0;0;0;0;0;0;0
Villarreal - Barcelona 1:4;Spain. LaLiga;2020-07-05;AMF, CF;98;118;91;0;2;4;2;0,59;87;79;2;1;2;0;5;1;18;6;0;0;1;13;0;2;1;0;0;1;0;3;1;0;0;0;0;0;0;7;14;5;8;0;8;1;8;5;0,9;0;12;12;9;7;83;31;28;18;18;0;0;0;0;0;0;0;0;0;0;0
Barcelona - Atlético Madrid 2:2;Spain. LaLiga;2020-06-30;CF;98;99;59;1;0;6;2;1;56;46;4;2;2;2;16;5;28;9;0;0;0;10;1;2;1;61;0;2;1;3;1;0;0;0;1;1;0;2;23;7;4;0;3;2;7;2;0,25;0;9;8;8;3;53;20;14;11;10;0;0;0;0;0;0;0;0;0;0;0
Celta de Vigo - Barcelona 2:2;Spain. LaLiga;2020-06-27;CF, RWF;97;96;66;0;2;7;0;0,45;58;52;4;3;0;0;9;5;20;8;0;0;2;7;1;5;5;0;0;4;2;2;0;0;0;0;0;0;0;5;14;6;6;0;4;2;1;1;1,03;0;5;3;8;6;48;15;11;8;8;0;0;0;0;0;0;0;0;0;0;0
Barcelona - Athletic Club 1:0;Spain. LaLiga;2020-06-23;RWF;97;109;64;0;0;7;1;0,31;59;46;6;2;4;1;18;8;39;15;0;0;0;23;4;3;2;0;0;3;2;3;0;0;0;0;1;0;0;4;33;13;2;0;5;4;2;0;0,44;0;8;6;11;7;44;13;9;8;7;0;0;0;0;0;0;0;0;0;0;0
Sevilla - Barcelona 0:0;Spain. LaLiga;2020-06-19;RWF, CF;101;116;70;0;0;4;3;0,22;66;56;2;2;3;1;8;2;26;8;1;0;0;17;0;4;2;0;0;3;0;0;0;0;0;0;2;0;0;1;22;8;2;0;6;5;4;2;0,08;0;10;9;7;5;57;16;12;8;8;0;0;0;0;0;0;0;0;0;0;0
Barcelona - Leganés 2:0;Spain. LaLiga;2020-06-16;RWF;99;133;79;1;0;3;2;0,92;78;61;7;2;0;0;12;8;31;12;1;0;2;18;2;4;3;0;0;5;1;2;1;0;0;0;3;0;0;0;23;10;1;0;8;5;6;1;0;0;16;9;6;3;70;22;14;16;16;0;0;0;0;0;0;1;1;0;0;0
Mallorca - Barcelona 0:4;Spain. LaLiga;2020-06-13;RWF, CF;99;107;75;1;2;3;1;0,34;65;54;3;2;3;1;15;10;27;12;0;0;1;12;0;5;5;0;0;1;1;2;0;0;0;0;0;0;0;4;24;11;8;0;7;3;8;5;1,12;0;9;9;13;9;56;17;13;11;11;0;0;0;0;0;0;0;0;0;0;0
Barcelona - Real Sociedad 1:0;Spain. LaLiga;2020-03-07;CF;97;94;54;1;0;6;2;1,61;39;34;1;0;1;1;16;7;35;14;0;0;0;10;1;2;2;42;0;4;1;7;3;1;0;0;2;1;0;3;24;10;6;0;7;2;2;0;0,56;0;8;7;5;3;33;11;9;7;7;0;0;0;0;0;0;0;0;0;0;0
Real Madrid - Barcelona 2:0;Spain. LaLiga;2020-03-01;AMF, CF;93;101;70;0;0;3;2;0,26;62;57;3;2;3;0;6;2;24;7;0;0;2;14;2;3;2;85;0;7;2;1;1;0;0;0;2;1;0;1;16;4;5;0;6;1;0;0;0,1;0;11;11;3;1;58;16;15;13;12;0;0;0;0;0;0;0;0;0;0;0
Barcelona - Eibar 5:0;Spain. LaLiga;2020-02-22;CF;92;100;58;4;0;5;5;1,23;54;35;5;0;0;0;12;7;27;13;0;0;1;24;3;3;3;0;0;3;2;2;2;0;0;0;0;0;0;0;22;9;7;1;8;2;10;3;0;0;10;6;10;3;41;20;11;4;3;0;0;0;0;0;0;0;0;0;0;0
Barcelona - Getafe 2:1;Spain. LaLiga;2020-02-15;RWF;97;88;58;0;1;6;2;0,26;41;32;1;0;0;0;14;9;30;16;0;0;1;15;3;0;0;0;0;0;0;1;0;0;0;0;0;0;0;2;29;16;3;1;5;4;5;2;0,29;0;6;4;3;2;31;15;11;5;4;0;0;0;0;0;0;0;0;0;0;0
Real Betis - Barcelona 2:3;Spain. LaLiga;2020-02-09;CF;97;97;71;0;2;4;3;0,6;62;54;5;3;2;1;6;3;18;7;0;0;1;11;1;2;2;0;0;1;1;1;0;0;0;0;0;0;0;5;16;6;7;2;5;1;2;1;0,51;0;19;16;5;5;52;21;18;13;13;0;0;0;0;0;0;0;0;0;0;0
Barcelona - Levante 2:1;Spain. LaLiga;2020-02-02;CF, RWF;94;109;77;0;2;10;6;1,65;57;48;1;0;3;0;19;14;32;18;1;0;0;14;0;0;0;0;0;1;0;3;0;0;0;0;0;0;0;4;27;18;7;0;10;1;1;1;0,4;0;17;14;10;7;53;18;13;11;11;0;0;0;0;0;0;0;0;0;0;0
Valencia - Barcelona 2:0;Spain. LaLiga;2020-01-25;CF;96;104;70;0;0;11;4;0,98;63;56;5;3;0;0;6;4;22;10;0;0;0;12;0;1;1;0;0;0;0;4;2;0;0;0;0;0;0;1;18;8;4;0;3;4;4;2;0,12;0;8;8;8;7;63;23;19;12;12;0;0;0;0;0;0;0;0;0;0;0
Barcelona - Granada 1:0;Spain. LaLiga;2020-01-19;CF;93;138;99;1;0;9;2;0,49;91;76;0;0;3;1;12;8;25;14;0;0;0;15;0;3;3;0;0;3;2;2;1;2;1;0;1;0;0;2;20;11;6;0;2;5;6;2;0,15;0;9;8;10;6;89;23;16;21;20;0;0;0;0;0;0;0;0;0;0;0
Espanyol - Barcelona 2:2;Spain. LaLiga;2020-01-04;RWF, CF;96;89;56;0;0;6;4;0,57;42;35;3;1;1;0;18;7;28;11;2;2;3;13;3;2;1;0;0;0;0;4;1;0;0;1;0;0;0;1;22;8;6;0;5;1;3;1;0,31;0;7;6;4;2;41;14;11;8;7;0;0;0;0;0;0;0;0;0;0;0
Barcelona - Deportivo Alavés 4:1;Spain. LaLiga;2019-12-21;RWF;96;111;61;1;0;4;1;0,11;70;52;6;2;0;0;10;3;29;8;0;0;1;16;1;2;1;0;0;2;0;4;2;0;0;0;1;0;0;0;23;6;1;2;10;1;12;1;0;1;8;7;13;4;62;24;15;12;12;0;0;0;0;0;0;0;0;0;0;0
Barcelona - Real Madrid 0:0;Spain. LaLiga;2019-12-18;RWF;96;84;54;0;0;2;1;0,18;41;34;5;3;0;0;8;6;27;13;0;0;1;9;2;3;1;0;0;6;2;2;0;0;0;0;0;0;0;1;19;11;6;0;8;3;4;3;0,33;0;8;6;3;3;35;13;11;4;4;0;0;0;0;0;0;0;0;0;0;0
Real Sociedad - Barcelona 2:2;Spain. LaLiga;2019-12-14;RWF, CF;94;63;42;0;1;1;0;0,09;38;34;2;1;1;0;9;2;16;7;2;2;1;4;0;0;0;0;0;1;1;1;0;0;0;0;0;0;0;3;12;4;5;0;3;0;2;0;0,39;0;5;4;2;1;33;11;10;5;5;0;0;0;0;0;0;0;0;0;0;0
Barcelona - Mallorca 5:2;Spain. LaLiga;2019-12-07;RWF, CF;94;116;75;3;0;7;4;0,64;71;57;2;0;1;0;11;5;23;9;0;0;1;21;4;5;4;0;0;2;1;2;1;0;0;0;1;0;0;4;19;7;12;0;9;2;7;3;0,56;0;8;6;13;11;60;29;22;8;8;0;0;0;0;0;0;0;0;0;0;0
Atlético Madrid - Barcelona 0:1;Spain. LaLiga;2019-12-01;RWF;94;118;67;1;0;3;2;0,33;61;45;1;0;0;0;14;9;37;14;0;0;1;12;0;1;1;0;0;4;1;5;1;1;0;1;2;0;0;1;28;12;0;1;6;1;6;2;0,14;1;7;6;12;5;49;24;13;10;10;0;0;0;0;0;0;0;0;0;0;0
Leganés - Barcelona 1:2;Spain. LaLiga;2019-11-23;AMF, RWF;94;88;61;0;1;1;1;0,15;51;44;1;1;0;0;9;6;22;9;1;0;0;13;2;2;2;0;0;2;1;1;0;0;0;0;0;0;0;5;18;8;1;0;7;1;2;1;0,69;0;6;4;4;3;39;9;7;9;9;0;0;0;0;0;0;0;0;0;0;0
Barcelona - Celta de Vigo 4:1;Spain. LaLiga;2019-11-09;CF, RWF;94;98;78;3;0;5;5;1,12;72;61;2;0;0;0;4;3;13;7;0;0;2;13;1;3;3;40;0;3;2;1;1;0;0;0;1;1;0;1;9;4;4;0;6;0;9;0;0,3;0;11;10;13;4;67;25;17;12;12;0;0;0;0;0;0;0;0;0;0;0
Levante - Barcelona 3:1;Spain. LaLiga;2019-11-02;CF, RWF;96;83;58;1;0;4;2;1,28;51;48;7;6;0;0;4;2;16;5;0;0;0;3;0;2;1;0;0;2;1;2;0;0;0;0;0;0;0;2;12;4;2;0;1;1;5;3;0,19;0;12;11;3;2;44;19;17;8;8;0;0;0;0;0;0;0;0;0;0;0
Barcelona - Real Valladolid 5:1;Spain. LaLiga;2019-10-29;RWF;93;111;83;2;2;6;4;0,8;68;59;2;1;2;0;10;6;25;16;0;0;1;10;1;2;1;0;0;2;0;2;1;0;0;0;1;0;0;3;21;15;4;0;7;1;7;3;0,61;0;10;10;9;7;55;18;15;11;11;0;0;0;0;0;0;0;0;0;0;0
Eibar - Barcelona 0:3;Spain. LaLiga;2019-10-19;CF;93;76;43;1;1;3;1;0,6;41;28;4;1;0;0;10;7;20;9;1;0;0;12;0;3;3;0;0;1;1;1;0;0;0;0;0;0;0;2;17;8;5;2;5;1;12;3;0,6;0;10;5;6;3;32;12;8;7;6;0;0;0;0;0;0;0;0;0;0;0
Barcelona - Sevilla 4:0;Spain. LaLiga;2019-10-06;RWF;94;103;79;1;0;5;3;0,21;62;51;6;4;1;0;6;4;26;18;1;1;0;10;1;4;3;0;0;2;2;5;4;0;0;0;0;0;0;1;18;11;4;1;9;1;5;1;0,29;0;9;7;7;2;51;21;15;11;10;0;0;0;0;0;0;0;0;0;0;0
Barcelona - Villarreal 2:1;Spain. LaLiga;2019-09-24;CF;45;33;17;0;1;1;0;0,02;14;11;2;0;0;0;1;1;13;5;0;0;0;8;2;0;0;0;0;1;1;1;0;0;0;0;0;0;0;1;11;4;4;0;1;1;2;0;0,08;0;3;1;2;1;12;4;1;2;2;0;0;0;0;0;0;0;0;0;0;0
Granada - Barcelona 2:0;Spain. LaLiga;2019-09-21;CF;48;53;39;0;0;2;1;0,2;29;24;3;2;0;0;9;5;15;9;0;0;0;6;0;1;1;0;0;2;1;1;0;0;0;0;0;0;0;2;12;8;4;0;3;2;4;1;0,24;0;3;1;6;4;23;11;7;2;2;0;0;0;0;0;0;0;0;0;0;0
Eibar - Barcelona 2:2;Spain. LaLiga;2019-05-19;CF;94;79;54;2;0;5;2;1,12;48;38;3;2;2;0;11;8;18;11;0;0;0;11;2;3;3;0;0;1;1;1;1;0;0;0;0;0;0;0;16;9;6;1;4;3;5;1;0;0;6;4;5;4;34;13;9;14;12;0;0;0;0;0;0;0;0;0;0;0
Barcelona - Getafe 2:0;Spain. LaLiga;2019-05-12;CF;95;92;63;0;0;3;2;0,58;53;46;5;4;0;0;15;8;25;10;0;0;0;16;3;3;3;0;0;2;1;1;0;0;0;0;0;0;0;3;22;9;4;1;4;4;3;2;0,27;0;4;4;2;1;48;10;9;9;9;0;0;0;0;0;0;0;0;0;0;0
Barcelona - Levante 1:0;Spain. LaLiga;2019-04-27;RWF, CF;47;44;36;1;0;4;3;0,46;22;18;1;0;1;0;9;8;12;9;1;0;0;4;0;1;1;0;0;0;0;0;0;0;0;0;0;0;0;2;11;9;2;0;7;1;2;1;0,13;0;2;2;10;8;16;8;7;4;4;0;0;0;0;0;0;0;0;0;0;0
Deportivo Alavés - Barcelona 0:2;Spain. LaLiga;2019-04-23;RWF, CF;34;43;25;0;0;2;1;0,34;27;18;0;0;2;0;6;3;13;5;0;0;0;10;2;0;0;0;0;2;2;0;0;0;0;0;0;0;0;1;11;3;2;0;4;0;0;0;0,12;0;3;2;5;4;21;10;7;3;3;0;0;0;0;0;0;0;0;0;0;0
Barcelona - Real Sociedad 2:1;Spain. LaLiga;2019-04-20;RWF;94;80;41;0;0;3;1;0,02;42;28;5;3;1;0;16;6;23;9;0;0;0;15;2;0;0;0;0;1;1;2;0;0;0;0;0;0;0;1;20;8;1;1;1;2;6;1;0,07;0;9;6;10;4;32;16;11;6;5;0;0;0;0;0;0;0;0;0;0;0
Barcelona - Atlético Madrid 2:0;Spain. LaLiga;2019-04-06;CF;95;137;88;1;0;8;5;0,8;63;51;4;3;2;0;21;14;47;21;1;1;0;12;1;1;1;0;0;4;1;1;0;0;0;0;0;0;0;4;41;19;6;0;10;2;4;1;0,69;0;10;8;9;5;50;25;19;12;11;0;0;0;0;0;0;0;0;0;0;0
Villarreal - Barcelona 4:4;Spain. LaLiga;2019-04-02;RWF;34;39;29;1;0;2;1;0,32;27;20;0;0;2;1;4;4;8;8;0;0;1;8;0;0;0;85;0;1;1;0;0;0;0;0;0;1;0;1;7;7;1;0;0;1;4;1;0,07;0;6;4;8;3;19;10;4;2;2;0;0;0;0;0;0;0;0;0;0;0
Barcelona - Espanyol 2:0;Spain. LaLiga;2019-03-30;RWF;97;101;61;2;0;6;2;1,1;57;44;12;7;1;0;12;4;28;12;0;0;0;21;2;1;0;0;0;5;3;1;0;0;0;0;2;0;0;0;22;9;7;1;3;3;5;1;0;0;13;11;8;5;47;20;16;8;8;0;0;0;0;0;0;0;0;0;0;0
Real Betis - Barcelona 1:4;Spain. LaLiga;2019-03-17;CF;95;85;62;3;0;5;4;1,17;53;47;2;2;1;0;4;3;12;7;0;0;1;4;2;3;1;0;0;2;1;0;0;0;0;0;0;0;0;3;10;6;4;1;4;2;6;3;0,26;2;6;6;9;7;43;19;17;10;10;0;0;0;0;0;0;0;0;0;0;0
Barcelona - Rayo Vallecano 3:1;Spain. LaLiga;2019-03-09;RWF, CF;93;125;72;1;1;6;3;1,12;66;51;6;2;3;0;20;7;34;12;0;0;1;23;3;3;3;0;0;2;2;4;1;0;0;0;0;0;0;3;28;9;4;2;2;2;7;2;0,69;0;7;6;9;4;50;19;13;9;8;0;0;0;0;0;0;0;0;0;0;0
Real Madrid - Barcelona 0:1;Spain. LaLiga;2019-03-02;CF;95;102;69;0;0;6;1;0,68;51;48;3;3;1;1;16;8;37;19;1;1;2;6;2;4;3;0;0;7;3;7;4;0;0;0;2;0;0;2;22;11;5;0;0;3;3;2;0,2;0;7;7;9;7;41;12;11;11;11;0;0;0;0;0;0;0;0;0;0;0
Sevilla - Barcelona 2:4;Spain. LaLiga;2019-02-23;RWF, CF;94;104;60;3;1;8;4;0,95;56;43;5;2;2;1;11;5;26;11;1;1;1;11;1;5;5;0;0;1;0;4;2;0;0;0;1;0;0;1;20;8;4;1;2;2;9;3;0,35;0;13;7;11;8;47;22;13;10;9;0;0;0;0;0;0;0;0;0;0;0
Barcelona - Real Valladolid 1:0;Spain. LaLiga;2019-02-16;RWF;94;138;88;1;0;11;5;2,92;68;60;3;1;3;1;17;7;43;15;2;0;2;14;2;4;4;67;0;3;1;7;3;0;0;0;3;1;0;6;31;11;6;0;10;1;9;7;0,89;0;11;10;10;7;58;26;24;5;5;0;0;0;0;0;0;0;0;0;0;0
Athletic Club - Barcelona 0:0;Spain. LaLiga;2019-02-10;RWF;95;110;73;0;0;4;1;0,03;69;55;7;3;2;2;12;5;23;10;0;0;0;13;0;3;3;0;0;4;2;3;0;0;0;0;1;0;0;2;16;8;1;0;2;4;8;1;0,25;0;9;6;15;8;57;24;14;4;4;0;0;0;0;0;0;0;0;0;0;0
Barcelona - Valencia 2:2;Spain. LaLiga;2019-02-02;RWF;95;103;74;2;0;7;4;1,28;70;57;10;6;2;0;11;6;22;10;1;1;0;15;0;2;2;0;0;0;0;4;2;0;0;0;0;0;0;3;17;7;6;0;7;0;5;2;0,04;0;16;9;20;16;59;28;20;7;5;0;0;0;0;0;0;0;0;0;0;0
Girona - Barcelona 0:2;Spain. LaLiga;2019-01-27;RWF;94;103;65;1;0;7;2;0,64;51;42;4;3;1;0;8;3;29;12;0;0;2;12;2;1;0;0;0;4;3;3;1;0;0;0;0;0;0;2;22;8;6;0;8;3;7;3;0,45;0;11;9;8;5;35;24;19;8;8;0;0;0;0;0;0;0;0;0;0;0
Barcelona - Leganés 3:1;Spain. LaLiga;2019-01-20;AMF;34;46;37;1;0;2;2;0,23;32;27;5;4;1;0;4;2;10;6;0;0;0;7;0;1;1;0;0;1;1;2;2;0;0;0;0;0;0;0;7;3;3;0;5;1;2;1;0;1;4;3;3;3;29;7;6;2;2;0;0;0;0;0;0;0;0;0;0;0
Barcelona - Eibar 3:0;Spain. LaLiga;2019-01-13;RWF, CF;93;49;27;1;0;2;2;0,15;26;20;4;2;1;0;8;3;15;4;0;0;1;9;0;0;0;0;0;0;0;1;0;0;0;0;0;0;0;1;14;4;3;2;2;0;3;2;0,06;0;7;7;6;4;22;12;9;4;4;0;0;0;0;0;0;0;0;0;0;0
Getafe - Barcelona 1:2;Spain. LaLiga;2019-01-06;RWF;93;93;65;1;0;7;5;0,7;56;48;5;4;0;0;8;3;21;7;0;0;2;9;2;6;5;0;0;2;0;1;1;0;0;0;0;0;0;2;18;6;3;0;0;6;7;4;0,15;0;17;14;6;3;50;15;11;6;6;0;0;0;0;0;0;0;0;0;0;0
Barcelona - Celta de Vigo 2:0;Spain. LaLiga;2018-12-22;CF;96;84;42;1;0;3;2;0,16;40;30;4;2;1;0;11;4;26;8;0;0;3;16;1;2;1;0;0;1;0;6;2;3;1;0;1;0;0;1;19;6;5;1;1;0;9;3;0,03;0;8;3;7;4;30;9;4;9;9;0;0;0;0;0;0;0;0;0;0;0
Levante - Barcelona 0:5;Spain. LaLiga;2018-12-16;CF;92;81;59;3;2;7;4;1,36;46;39;2;0;0;0;7;4;18;11;1;1;0;7;0;5;4;0;0;2;2;4;2;0;0;0;0;0;0;6;11;6;4;0;5;2;5;1;1,16;0;10;8;7;4;40;18;14;6;6;0;0;0;0;0;0;0;0;0;0;0
Espanyol - Barcelona 0:4;Spain. LaLiga;2018-12-08;CF, RWF;96;87;63;2;1;5;4;1,32;42;37;6;5;1;0;12;7;26;16;0;0;0;11;2;0;0;0;0;1;1;2;1;0;0;0;0;0;0;5;23;14;3;1;2;5;3;2;0,8;0;5;4;12;9;34;13;10;7;7;0;0;0;0;0;0;0;0;0;0;0
Barcelona - Villarreal 2:0;Spain. LaLiga;2018-12-02;CF;94;65;46;0;1;6;4;0,22;39;37;1;1;1;1;8;2;15;4;0;0;2;8;2;1;1;0;0;0;0;1;0;0;0;0;0;0;0;4;14;4;2;1;5;3;1;1;0,35;0;4;4;5;4;32;7;7;7;7;0;0;0;0;0;0;0;0;0;0;0
Atlético Madrid - Barcelona 1:1;Spain. LaLiga;2018-11-24;CF;96;108;67;0;1;5;1;0,1;61;48;3;2;4;2;16;8;34;17;1;0;1;17;3;2;0;0;0;4;3;4;1;0;0;0;0;0;0;0;25;13;1;0;6;2;5;0;0;0;7;4;9;5;50;16;6;12;12;0;0;0;0;0;0;0;0;0;0;0
Barcelona - Real Betis 3:4;Spain. LaLiga;2018-11-11;RWF, CF;96;100;58;2;0;7;3;1,96;47;40;3;2;1;1;17;6;33;13;1;1;2;12;1;4;4;0;0;3;1;1;0;0;0;0;2;0;0;3;28;11;4;1;2;2;9;5;0,37;1;8;7;10;8;39;22;17;2;2;0;0;0;0;0;0;0;0;0;0;0
Barcelona - Sevilla 4:2;Spain. LaLiga;2018-10-20;RWF;26;16;11;1;1;2;1;0,19;9;7;2;1;0;0;2;1;4;2;0;0;0;1;0;0;0;0;0;2;1;0;0;0;0;0;0;0;0;1;2;1;1;0;2;0;4;2;0,33;0;3;1;2;2;7;5;3;2;2;0;0;0;0;0;0;0;0;0;0;0
Valencia - Barcelona 1:1;Spain. LaLiga;2018-10-07;CF;94;129;92;1;0;6;4;0,34;88;73;7;6;1;0;12;8;27;14;1;0;0;15;1;5;4;0;0;6;3;0;0;0;0;0;1;0;0;2;20;11;3;1;4;0;11;4;0,05;1;7;6;14;7;75;29;21;12;11;0;0;0;0;0;0;0;0;0;0;0
Barcelona - Athletic Club 1:1;Spain. LaLiga;2018-09-29;CF;38;39;30;0;1;5;1;0,42;22;20;1;0;1;1;5;4;8;6;0;0;0;4;2;2;2;94;0;1;1;2;1;0;0;0;0;1;0;2;5;4;4;0;3;2;2;2;1,02;0;4;4;5;4;18;10;9;3;3;0;0;0;0;0;0;0;0;0;0;0
Leganés - Barcelona 2:1;Spain. LaLiga;2018-09-26;RWF;94;101;67;0;1;2;1;0,09;69;56;4;2;0;0;12;7;23;8;0;0;0;14;2;0;0;0;0;2;0;1;0;0;0;0;2;0;0;1;20;8;1;0;1;1;9;1;0,02;0;27;24;8;2;58;25;16;10;9;0;0;0;0;0;0;0;0;0;0;0
Barcelona - Girona 2:2;Spain. LaLiga;2018-09-23;RWF, CF;96;114;82;1;0;6;5;0,57;69;59;4;1;2;1;18;10;34;15;1;0;1;11;2;1;0;0;0;1;1;6;2;0;0;0;0;0;0;6;26;12;3;0;3;2;11;3;0,43;0;15;13;11;7;56;25;17;7;7;0;0;0;0;0;0;0;0;0;0;0
Real Sociedad - Barcelona 1:2;Spain. LaLiga;2018-09-15;RWF;94;103;73;0;0;2;1;0,17;65;58;5;3;1;0;11;8;27;13;1;0;0;8;1;4;4;0;0;3;2;5;1;0;0;0;2;0;0;1;18;10;2;0;2;1;7;4;0,13;0;12;11;7;4;52;20;17;6;6;0;0;0;0;0;0;0;0;0;0;0
Barcelona - Huesca 8:2;Spain. LaLiga;2018-09-02;RWF, CF;93;114;83;2;2;7;4;0,72;77;64;11;7;2;1;9;4;20;10;0;0;2;13;1;4;3;0;0;4;3;1;1;0;0;0;2;0;0;8;15;6;5;0;3;2;6;2;0,66;0;8;4;20;15;62;24;17;10;9;0;0;0;0;0;0;0;0;0;0;0
Real Valladolid - Barcelona 0:1;Spain. LaLiga;2018-08-25;RWF, CF;95;97;53;0;0;1;0;0;54;43;7;7;1;0;9;4;26;8;2;1;0;15;2;1;1;0;0;2;1;1;0;0;0;0;1;0;0;0;21;6;3;0;2;0;8;4;0;0;10;9;11;7;45;19;13;10;8;0;0;0;0;0;0;0;0;0;0;0
Barcelona - Deportivo Alavés 3:0;Spain. LaLiga;2018-08-18;RWF, CF;93;126;92;2;0;8;4;1,1;85;75;11;9;1;1;16;7;22;11;0;0;2;10;0;2;2;0;0;0;0;1;1;0;0;0;0;0;0;4;21;10;7;3;1;3;6;5;0,64;0;15;13;13;9;68;26;19;14;12;0;0;0;0;0;0;0;0;0;0;0
Barcelona - Real Sociedad 1:0;Spain. LaLiga;2018-05-20;CF;25;32;24;0;0;1;1;0,04;16;15;2;2;0;0;5;4;8;6;1;1;1;2;0;0;0;0;0;1;0;0;0;0;0;0;1;0;0;0;6;5;1;1;3;0;1;1;0;0;5;5;3;3;9;3;3;0;0;0;0;0;0;0;0;0;0;0;0;0
Barcelona - Villarreal 5:1;Spain. LaLiga;2018-05-09;CF;95;114;82;1;0;4;1;0,58;74;65;5;4;0;0;3;3;18;12;0;0;1;11;1;3;1;0;0;1;0;3;2;0;0;0;1;0;0;1;14;10;5;1;4;4;5;2;0,14;1;13;13;9;6;57;20;16;11;11;0;0;0;0;0;0;0;0;0;0;0
Barcelona - Real Madrid 2:2;Spain. LaLiga;2018-05-06;CF;99;107;57;1;0;5;3;0,55;51;43;5;1;0;0;10;6;32;10;2;0;3;10;3;3;1;45;0;3;1;6;3;1;1;0;2;1;0;2;21;6;6;1;1;2;5;2;0,47;0;14;11;3;2;46;15;11;9;9;0;0;0;0;0;0;0;0;0;0;0
Deportivo La Coruña - Barcelona 2:4;Spain. LaLiga;2018-04-29;CF;92;111;87;3;0;9;5;1,72;77;69;1;0;1;0;9;7;21;12;2;2;0;12;0;3;3;0;0;3;1;1;0;0;0;0;1;0;0;5;15;9;15;0;4;1;3;2;0,67;1;9;9;9;7;70;16;14;14;13;0;0;0;0;0;0;0;0;0;0;0
Celta de Vigo - Barcelona 2:2;Spain. LaLiga;2018-04-17;CF;33;26;20;0;0;1;0;0,02;17;15;0;0;0;0;6;4;7;4;0;0;0;3;1;1;1;0;0;0;0;0;0;0;0;0;0;0;0;0;7;4;0;0;3;1;1;0;0;0;5;5;1;1;13;6;5;2;2;0;0;0;0;0;0;0;0;0;0;0
Barcelona - Valencia 2:1;Spain. LaLiga;2018-04-14;CF;95;104;77;0;0;6;2;0,66;72;63;3;3;0;0;5;4;17;9;0;0;1;11;2;1;1;0;0;0;0;3;2;0;0;0;0;0;0;2;14;7;7;0;8;0;1;1;0,5;0;14;14;8;7;64;26;24;6;6;0;0;0;0;0;0;0;0;0;0;0
Barcelona - Leganés 3:1;Spain. LaLiga;2018-04-07;CF;94;95;60;3;0;7;5;1,01;55;43;6;4;0;0;14;8;24;10;1;0;0;18;2;5;3;0;0;3;0;2;1;0;0;0;3;0;0;1;18;9;6;0;4;3;1;0;0,42;0;7;5;4;2;44;18;12;12;9;0;0;0;0;0;0;0;0;0;0;0
Sevilla - Barcelona 2:2;Spain. LaLiga;2018-03-31;CF;35;47;26;1;0;4;1;0,23;27;20;4;1;0;0;7;2;13;3;0;0;1;9;0;0;0;0;0;0;0;1;1;0;0;0;0;0;0;0;12;2;2;0;3;0;2;0;0;0;0;0;12;8;21;8;6;1;1;0;0;0;0;0;0;0;0;0;0;0
Barcelona - Athletic Club 2:0;Spain. LaLiga;2018-03-18;CF;92;77;47;1;0;9;5;0,39;38;30;4;1;0;0;12;6;24;9;1;0;2;10;2;1;1;0;0;1;1;0;0;0;0;0;0;0;0;1;22;8;5;0;3;3;4;1;0,13;1;9;6;6;4;32;13;6;9;9;0;0;0;0;0;0;0;0;0;0;0
Barcelona - Atlético Madrid 1:0;Spain. LaLiga;2018-03-04;CF;94;105;69;1;0;4;2;0,34;56;49;3;2;0;0;13;5;31;16;2;2;3;13;1;8;5;28;0;4;2;4;2;0;0;0;2;1;0;5;21;10;0;0;5;1;0;0;0,84;0;6;5;7;7;40;20;17;6;6;0;0;0;0;0;0;0;0;0;0;0
Las Palmas - Barcelona 1:1;Spain. LaLiga;2018-03-01;CF;97;82;60;1;0;4;2;0,56;39;30;4;3;1;0;7;6;28;17;0;0;0;11;0;5;4;0;0;3;3;3;1;0;0;0;0;0;0;2;22;13;5;0;7;5;2;0;0,48;0;9;8;4;3;26;15;12;3;3;0;0;0;0;0;0;0;0;0;0;0
Barcelona - Girona 6:1;Spain. LaLiga;2018-02-24;CF;93;91;63;2;1;7;6;1,4;53;39;5;3;1;0;11;6;27;15;0;0;1;11;3;3;2;0;0;2;2;2;1;0;0;0;0;0;0;1;23;12;4;0;3;2;13;4;0,18;1;10;8;11;8;42;27;18;9;7;0;0;0;0;0;0;0;0;0;0;0
Eibar - Barcelona 0:2;Spain. LaLiga;2018-02-17;CF;93;63;39;0;1;3;1;0,4;36;30;0;0;0;0;9;3;22;7;1;1;1;10;1;3;3;0;0;3;2;1;0;0;0;0;0;0;0;3;17;4;3;1;2;0;4;2;1,32;0;5;4;3;2;30;10;9;10;9;0;0;0;0;0;0;0;0;0;0;0
Barcelona - Getafe 0:0;Spain. LaLiga;2018-02-11;CF;94;89;62;0;0;4;2;0,08;58;48;12;9;1;0;16;9;24;11;1;0;0;9;1;3;3;0;0;0;0;4;2;0;0;0;0;0;0;2;19;9;1;1;3;4;4;1;0,17;0;8;6;9;4;43;26;21;5;4;0;0;0;0;0;0;0;0;0;0;0
Espanyol - Barcelona 1:1;Spain. LaLiga;2018-02-04;CF;35;20;11;0;1;0;0;0;9;5;2;0;1;0;6;4;9;5;0;0;0;5;2;2;2;0;0;0;0;0;0;0;0;0;0;0;0;1;9;5;2;0;1;1;1;0;0,13;0;1;1;2;1;4;3;2;1;0;0;0;0;0;0;0;0;0;0;0;0
Barcelona - Deportivo Alavés 2:1;Spain. LaLiga;2018-01-28;CF;94;93;62;1;0;5;5;0,75;54;40;3;1;1;0;13;9;28;14;2;0;1;21;1;4;4;0;0;1;1;5;3;0;0;0;0;0;0;5;20;10;5;0;5;1;7;3;0,32;0;8;7;11;6;47;25;18;1;1;0;0;0;0;0;0;0;0;0;0;0
Real Betis - Barcelona 0:5;Spain. LaLiga;2018-01-21;CF;94;92;67;2;1;4;2;0,7;55;43;6;3;1;0;16;13;29;19;0;0;0;10;4;1;1;0;0;1;1;1;0;0;0;0;0;0;0;4;27;18;7;0;5;2;7;1;0,24;1;5;4;9;6;42;21;14;10;8;0;0;0;0;0;0;0;0;0;0;0
Real Sociedad - Barcelona 2:4;Spain. LaLiga;2018-01-14;CF;93;60;40;1;1;5;2;0,17;33;26;3;1;1;0;8;4;15;8;1;0;0;7;1;1;1;0;0;1;0;1;0;1;0;0;1;0;0;1;12;8;0;0;3;3;4;2;0,12;0;9;7;5;4;23;14;11;1;1;0;0;0;0;0;0;0;0;0;0;0
Barcelona - Levante 3:0;Spain. LaLiga;2018-01-07;CF;95;95;59;1;1;5;2;0,47;46;35;5;2;2;2;13;7;37;19;2;1;1;19;2;6;4;0;0;2;2;2;0;2;1;0;0;0;0;3;31;16;6;2;1;7;5;1;0,59;1;7;4;8;5;36;15;9;12;12;0;0;0;0;0;0;0;0;0;0;0
Real Madrid - Barcelona 0:3;Spain. LaLiga;2017-12-23;CF;95;92;69;1;1;4;3;0,93;54;50;1;1;2;1;10;7;25;14;0;0;3;5;0;3;2;0;0;7;5;2;1;0;0;0;2;0;0;8;16;8;4;0;2;2;2;2;1,05;0;4;3;6;6;41;10;9;18;18;0;0;0;0;0;0;0;0;0;0;0
Barcelona - Deportivo La Coruña 4:0;Spain. LaLiga;2017-12-17;RWF, CF;93;95;62;0;1;11;4;2,33;54;48;2;2;3;1;12;4;24;5;2;0;0;15;1;1;1;0;0;1;0;1;0;0;0;0;0;0;0;2;20;5;12;0;5;2;5;3;0,66;0;8;7;7;6;49;25;22;7;7;0;0;0;0;0;0;0;0;0;0;0
Villarreal - Barcelona 0:2;Spain. LaLiga;2017-12-10;CF;94;126;86;1;0;6;2;0,83;84;66;6;2;2;0;17;11;31;16;0;0;1;18;0;1;0;0;0;2;1;3;2;0;0;0;1;0;0;4;26;13;7;0;7;2;13;2;0,52;0;11;8;20;12;69;31;19;8;8;0;0;0;0;0;0;0;0;0;0;0
Barcelona - Celta de Vigo 2:2;Spain. LaLiga;2017-12-02;CF;97;112;68;1;0;10;3;1,96;69;55;2;1;3;1;14;4;27;9;0;0;2;13;0;6;6;0;0;2;0;1;1;0;0;0;0;0;0;2;24;8;12;1;1;2;11;6;0,57;1;9;7;11;9;53;28;23;12;10;0;0;0;0;0;0;0;0;0;0;0
Valencia - Barcelona 1:1;Spain. LaLiga;2017-11-26;CF;94;138;101;0;1;4;2;0,62;95;79;11;6;2;1;16;8;30;16;1;1;4;22;1;5;4;0;0;5;3;2;1;0;0;0;0;0;0;4;22;11;6;0;4;4;11;5;0,66;0;18;15;8;5;84;38;27;14;14;0;0;0;0;0;0;0;0;0;0;0
Leganés - Barcelona 0:3;Spain. LaLiga;2017-11-18;CF;93;65;38;0;1;3;1;0,25;36;25;1;0;1;0;10;4;17;5;1;0;2;11;1;3;3;0;0;1;0;1;1;0;0;0;1;0;0;2;14;4;4;0;2;2;4;2;0,4;0;8;3;6;2;27;14;9;8;8;0;0;0;0;0;0;0;0;0;0;0
Barcelona - Sevilla 2:1;Spain. LaLiga;2017-11-04;RWF, CF;94;115;69;0;0;5;2;0,24;62;51;7;4;1;0;17;7;40;13;1;0;2;14;0;4;3;94;0;2;1;4;1;0;0;0;1;1;0;2;33;11;7;1;5;3;3;0;0,41;1;12;11;7;4;44;17;13;11;11;0;0;0;0;0;0;0;0;0;0;0
Athletic Club - Barcelona 0:2;Spain. LaLiga;2017-10-28;CF;94;88;48;1;0;4;2;0,83;44;35;2;1;1;0;11;5;32;7;1;0;2;14;5;4;1;0;0;3;0;0;0;0;0;0;2;0;0;2;28;7;5;0;5;3;2;0;0,29;1;6;4;7;4;35;15;11;7;6;0;0;0;0;0;0;0;0;0;0;0
Barcelona - Málaga 2:0;Spain. LaLiga;2017-10-21;CF;94;84;54;0;1;3;1;0,61;45;37;1;0;0;0;13;8;28;11;0;0;2;14;1;0;0;0;0;0;0;4;1;0;0;0;0;0;0;2;24;10;5;0;3;1;6;0;0,11;0;4;3;6;3;34;15;11;5;4;0;0;0;0;0;0;0;0;0;0;0
Atlético Madrid - Barcelona 1:1;Spain. LaLiga;2017-10-14;CF;94;97;59;0;0;6;2;0,56;47;39;2;1;2;0;26;8;40;16;0;0;1;11;0;4;4;0;0;1;0;1;1;0;0;0;0;0;0;2;38;15;5;0;7;4;2;0;0,12;0;11;10;5;3;37;14;11;5;5;0;0;0;0;0;0;0;0;0;0;0
Barcelona - Las Palmas 3:0;Spain. LaLiga;2017-10-01;CF;92;93;61;2;1;10;6;2,04;44;33;8;5;2;1;22;13;34;18;0;0;0;11;0;2;2;0;0;1;1;2;1;0;0;0;0;0;0;2;31;16;10;0;6;2;7;1;0,37;0;9;6;10;6;32;16;10;1;1;0;0;0;0;0;0;0;0;0;0;0
Girona - Barcelona 0:3;Spain. LaLiga;2017-09-23;CF;93;71;45;0;0;2;1;0,04;30;24;2;1;0;0;7;2;28;14;2;1;0;13;2;4;4;0;0;2;2;5;4;0;0;0;0;0;0;1;19;7;3;4;2;4;5;0;0;0;4;3;3;2;20;9;6;10;9;0;0;0;0;0;0;0;0;0;0;0
Barcelona - Eibar 6:1;Spain. LaLiga;2017-09-19;CF;93;74;51;4;0;8;7;1,66;36;29;0;0;3;0;11;4;21;7;0;0;0;9;3;0;0;0;0;0;0;3;0;0;0;0;0;0;0;0;18;7;4;0;9;0;0;0;0;2;8;7;4;2;28;13;12;8;6;0;0;0;0;0;0;0;0;0;0;0
Getafe - Barcelona 1:2;Spain. LaLiga;2017-09-16;CF;95;84;52;0;1;3;1;0,13;48;38;8;4;0;0;12;8;25;12;1;0;1;8;0;1;1;0;0;1;1;4;2;0;0;0;0;0;0;1;19;9;1;0;0;1;11;4;0,05;0;10;5;8;5;37;19;10;6;6;0;0;0;0;0;0;0;0;0;0;0
Barcelona - Espanyol 5:0;Spain. LaLiga;2017-09-09;CF;93;86;62;3;0;8;3;1,38;52;45;6;4;1;1;15;9;20;11;0;0;2;11;0;3;1;0;0;2;1;1;0;0;0;0;0;0;0;3;17;10;9;0;6;2;7;3;1,02;0;11;9;10;7;48;23;17;9;8;0;0;0;0;0;0;0;0;0;0;0
Deportivo Alavés - Barcelona 0:2;Spain. LaLiga;2017-08-26;CF;95;114;75;2;0;9;6;1,33;63;55;6;4;0;0;25;7;38;12;0;0;1;14;0;2;2;0;0;4;3;1;0;0;0;0;0;0;0;2;33;9;6;0;4;2;5;1;0,21;0;9;8;11;7;52;25;22;11;10;0;0;0;0;0;0;0;0;0;0;0
Barcelona - Real Betis 2:0;Spain. LaLiga;2017-08-20;CF;93;114;75;0;0;10;1;0,48;58;52;2;1;1;0;23;15;32;18;0;0;2;9;1;2;1;0;0;0;0;3;0;0;0;0;0;0;0;1;29;18;9;0;10;2;3;1;0,2;0;7;6;4;3;44;16;12;11;11;0;0;0;0;0;0;0;0;0;0;0
Barcelona - Eibar 4:2;Spain. LaLiga;2017-05-21;RCMF3, RWF;93;91;55;2;0;6;3;2,36;47;36;8;6;1;0;16;9;29;11;0;0;2;14;1;1;1;0;0;2;1;2;1;0;0;0;0;0;0;2;25;9;6;2;1;0;10;4;0,25;0;12;9;12;8;41;25;17;6;4;0;0;0;0;0;0;0;0;0;0;0
Las Palmas - Barcelona 1:4;Spain. LaLiga;2017-05-14;RWF;93;84;47;0;0;6;1;0,47;48;35;2;0;1;0;8;3;21;7;0;0;1;14;1;2;2;0;0;2;1;2;1;0;0;0;1;0;0;0;17;5;8;0;3;2;6;1;0;0;11;6;8;4;39;17;10;9;9;0;0;0;0;0;0;0;0;0;0;0
Barcelona - Villarreal 4:1;Spain. LaLiga;2017-05-06;RWF;93;106;85;2;0;6;4;1,4;70;64;2;2;1;1;8;6;20;10;0;0;0;9;0;2;1;0;0;1;1;1;0;0;0;0;0;0;0;3;18;9;5;0;5;2;2;0;0,29;0;10;9;6;5;62;24;19;9;9;0;0;0;0;0;0;0;0;0;0;0
Espanyol - Barcelona 0:3;Spain. LaLiga;2017-04-29;RWF;93;110;64;0;1;3;3;0,27;53;40;6;2;1;0;22;9;43;18;1;0;0;14;1;1;1;0;0;3;2;1;1;0;0;0;2;0;0;5;38;15;5;0;5;4;4;0;0,65;0;10;6;9;5;35;18;9;10;9;0;0;0;0;0;0;0;0;0;0;0
Barcelona - Osasuna 7:1;Spain. LaLiga;2017-04-26;CF;63;56;40;2;0;4;2;0,73;33;28;3;3;1;1;10;5;16;7;0;0;1;5;0;1;1;0;0;1;1;1;0;0;0;0;0;0;0;2;14;6;4;0;3;1;0;0;0,21;0;3;3;4;3;27;7;5;4;3;0;0;0;0;0;0;0;0;0;0;0
Real Madrid - Barcelona 2:3;Spain. LaLiga;2017-04-23;RWF;96;83;55;2;0;6;4;0,64;41;33;3;1;0;0;15;9;29;13;2;1;0;12;1;2;1;93;0;3;0;2;0;1;0;0;1;1;0;0;22;12;3;0;6;6;1;0;0;0;10;6;3;1;32;14;9;5;5;0;0;0;0;0;0;0;0;0;0;0
Barcelona - Real Sociedad 3:2;Spain. LaLiga;2017-04-15;RWF;95;75;48;2;1;4;3;0,97;41;35;2;1;0;0;7;2;22;7;3;0;3;9;1;2;2;0;0;3;2;3;2;0;0;1;0;0;0;1;13;3;5;0;5;2;4;1;0,09;0;4;2;4;4;41;18;16;6;6;0;0;0;0;0;0;0;0;0;0;0
Málaga - Barcelona 2:0;Spain. LaLiga;2017-04-08;AMF, RWF;94;90;57;0;0;6;0;0,06;48;40;7;4;0;0;19;11;30;14;1;0;0;15;0;4;3;0;0;2;0;0;0;0;0;0;1;0;0;0;27;14;0;0;1;7;4;2;0;0;9;5;9;7;33;16;11;5;5;0;0;0;0;0;0;0;0;0;0;0
Barcelona - Sevilla 3:0;Spain. LaLiga;2017-04-05;RWF;92;100;62;2;0;7;3;1,03;57;47;7;4;2;1;17;7;28;9;0;0;1;14;0;2;2;0;0;3;1;3;0;0;0;1;1;0;0;1;22;8;10;0;7;1;6;0;0,09;0;7;4;10;7;47;16;11;12;10;0;0;0;0;0;0;0;0;0;0;0
Barcelona - Valencia 4:2;Spain. LaLiga;2017-03-19;RWF;93;102;69;2;0;8;4;1,69;57;46;4;1;0;0;21;14;31;18;1;1;0;19;0;2;1;86;0;2;1;4;1;0;0;0;0;1;0;5;24;15;7;0;5;2;8;5;0,5;0;10;7;13;8;49;18;11;8;6;0;0;0;0;0;0;0;0;0;0;0
Deportivo La Coruña - Barcelona 2:1;Spain. LaLiga;2017-03-12;RWF;93;86;58;0;0;5;1;0,28;56;44;7;2;2;2;5;3;20;10;0;0;0;12;1;0;0;0;0;0;0;5;1;0;0;0;0;0;0;2;15;9;3;0;3;1;6;1;0,17;0;8;4;10;6;48;17;10;4;4;0;0;0;0;0;0;0;0;0;0;0
Barcelona - Celta de Vigo 5:0;Spain. LaLiga;2017-03-04;RWF;93;88;56;2;2;6;3;0,44;57;43;0;0;1;1;5;3;21;8;2;0;0;16;0;2;2;0;0;3;1;0;0;0;0;0;0;0;0;4;16;7;10;0;2;0;7;3;0,69;1;9;8;12;7;39;21;16;9;8;0;0;0;0;0;0;0;0;0;0;0
Barcelona - Sporting Gijón 6:1;Spain. LaLiga;2017-03-01;CF;61;57;39;1;1;4;1;0,36;40;34;3;3;1;0;3;1;11;4;0;0;0;6;1;2;1;0;0;2;1;4;1;0;0;0;0;0;0;2;5;2;6;0;0;1;8;5;0,37;0;8;7;5;4;37;13;12;9;8;0;0;0;0;0;0;0;0;0;0;0
Atlético Madrid - Barcelona 1:2;Spain. LaLiga;2017-02-26;AMF;94;65;33;1;0;6;3;0,83;30;21;3;1;0;0;4;1;19;6;0;0;1;8;1;2;2;82;0;4;2;2;0;0;0;0;0;1;0;1;13;4;4;0;1;2;4;1;0,25;0;4;2;4;2;24;11;6;4;3;0;0;0;0;0;0;0;0;0;0;0
Barcelona - Leganés 2:1;Spain. LaLiga;2017-02-19;RWF;96;104;70;2;0;6;3;1,44;63;48;5;1;0;0;13;6;28;14;2;1;1;14;0;6;6;0;0;4;3;0;0;0;0;0;0;0;0;1;22;10;2;0;5;4;10;2;0,17;0;10;5;10;5;52;19;9;10;8;0;0;0;0;0;0;0;0;0;0;0
Deportivo Alavés - Barcelona 0:6;Spain. LaLiga;2017-02-11;RWF;93;85;59;1;0;7;2;0,83;53;46;2;2;1;0;10;5;23;9;0;0;0;13;0;1;1;0;0;2;2;2;0;0;0;0;0;0;0;0;19;7;6;0;2;3;2;1;0;1;8;6;6;6;39;19;15;8;7;0;0;0;0;0;0;0;0;0;0;0
Barcelona - Athletic Club 3:0;Spain. LaLiga;2017-02-04;RWF;63;44;24;1;0;2;1;0,15;19;13;4;3;1;0;9;1;19;7;0;0;0;8;1;3;1;0;0;2;2;3;2;0;0;0;0;0;0;1;14;3;4;0;1;2;0;0;0,11;0;6;3;3;3;11;11;8;2;1;0;0;0;0;0;0;0;0;0;0;0
Real Betis - Barcelona 1:1;Spain. LaLiga;2017-01-29;AMF, RWF;94;65;45;0;0;2;0;0,13;41;34;5;2;0;0;6;3;18;8;0;0;0;8;0;2;2;0;0;1;1;4;1;0;0;0;0;0;0;3;13;6;0;0;1;2;8;4;0,54;0;8;5;9;5;39;15;10;4;4;0;0;0;0;0;0;0;0;0;0;0
Eibar - Barcelona 0:4;Spain. LaLiga;2017-01-22;RWF;94;67;43;1;0;4;2;0,25;43;31;7;6;2;1;9;3;19;9;0;0;0;10;0;4;2;0;0;0;0;0;0;0;0;0;0;0;0;4;19;9;2;0;1;2;4;1;0,48;2;11;10;13;8;31;22;16;8;6;0;0;0;0;0;0;0;0;0;0;0
Barcelona - Las Palmas 5:0;Spain. LaLiga;2017-01-14;RWF;92;92;52;1;0;7;3;1,25;47;37;4;2;4;4;8;2;32;11;1;1;0;7;1;6;5;0;0;5;2;4;2;0;0;0;0;0;0;5;22;6;9;1;4;2;5;1;1,15;0;6;5;7;4;31;15;10;12;12;0;0;0;0;0;0;0;0;0;0;0
Villarreal - Barcelona 1:1;Spain. LaLiga;2017-01-08;RW, RWF;95;98;68;1;0;6;2;0,84;61;53;7;5;1;0;9;5;27;9;2;0;0;15;3;2;2;0;0;1;1;3;0;0;0;0;0;0;0;7;21;8;5;0;2;4;7;4;0,57;0;13;11;12;9;48;20;15;4;3;0;0;0;0;0;0;0;0;0;0;0
Barcelona - Espanyol 4:1;Spain. LaLiga;2016-12-18;RWF;96;86;54;1;0;7;2;1,07;43;35;7;3;1;0;22;12;32;15;0;0;2;16;0;3;3;0;0;0;0;1;1;0;0;1;0;0;0;2;31;14;6;0;3;2;8;3;0,15;1;15;12;6;3;32;19;13;5;5;0;0;0;0;0;0;0;0;0;0;0
Osasuna - Barcelona 0:3;Spain. LaLiga;2016-12-10;RWF;94;103;82;2;0;7;5;1,14;66;59;6;3;1;0;13;7;23;12;0;0;0;6;0;2;1;0;0;0;0;3;0;0;0;0;0;0;0;4;20;12;9;0;4;5;7;4;0,28;1;9;6;12;9;58;18;13;10;9;0;0;0;0;0;0;0;0;0;0;0
Barcelona - Real Madrid 1:1;Spain. LaLiga;2016-12-03;RWF;93;85;56;0;0;2;1;0,18;44;42;2;1;0;0;14;6;31;10;1;0;1;8;1;4;4;0;0;6;3;2;0;0;0;0;2;0;0;2;22;7;2;0;3;2;1;1;0,03;0;5;4;6;5;32;10;8;12;12;0;0;0;0;0;0;0;0;0;0;0
Real Sociedad - Barcelona 1:1;Spain. LaLiga;2016-11-27;RWF;95;58;38;1;0;1;1;0,3;32;23;4;2;1;0;9;3;24;14;0;0;0;12;5;3;1;0;0;4;3;3;3;2;1;0;0;0;0;1;17;8;3;0;2;1;2;1;0,1;0;8;5;4;2;19;10;5;6;6;0;0;0;0;0;0;1;1;0;0;0
Sevilla - Barcelona 1:2;Spain. LaLiga;2016-11-06;RWF;93;73;55;1;1;6;3;1,09;41;34;0;0;0;0;9;8;20;15;1;1;0;13;2;2;2;83;0;2;1;0;0;1;0;0;0;1;0;2;17;13;6;0;3;4;6;1;0,45;0;6;6;9;5;32;17;11;5;5;0;0;0;0;0;0;0;0;0;0;0
Barcelona - Granada 1:0;Spain. LaLiga;2016-10-29;RWF;93;74;51;0;0;4;0;0,26;44;38;7;6;1;1;9;6;22;10;0;0;1;8;0;1;1;0;0;0;0;2;1;0;0;0;0;0;0;1;20;9;2;0;1;2;10;6;0,04;0;12;8;10;10;36;14;11;9;9;0;0;0;0;0;0;0;0;0;0;0
Valencia - Barcelona 2:3;Spain. LaLiga;2016-10-22;RWF;97;87;54;2;0;4;3;0,88;48;39;6;2;0;0;11;1;29;9;2;1;0;14;4;1;1;73;0;3;0;2;1;0;0;0;2;1;0;2;22;7;3;0;2;2;4;1;0,29;0;10;6;6;4;36;17;11;7;7;0;0;0;0;0;0;0;0;0;0;0
Barcelona - Deportivo La Coruña 4:0;Spain. LaLiga;2016-10-15;RWF;37;60;46;1;0;4;2;0,26;40;35;6;5;1;1;8;4;15;9;1;0;0;4;0;2;2;89;0;0;0;1;1;0;0;0;0;1;0;1;13;8;2;0;0;0;6;2;0,1;0;3;3;10;7;28;11;6;5;5;0;0;0;0;0;0;0;0;0;0;0
Barcelona - Atlético Madrid 1:1;Spain. LaLiga;2016-09-21;RWF;59;47;28;0;0;5;2;0,29;25;21;1;1;0;0;2;1;14;4;1;0;0;6;1;1;1;0;0;2;0;1;0;0;0;0;1;0;0;1;10;4;3;0;1;0;0;0;0,07;0;7;6;3;2;23;8;6;4;3;0;0;0;0;0;0;0;0;0;0;0
Leganés - Barcelona 1:5;Spain. LaLiga;2016-09-17;LWF, RWF;92;67;46;2;1;6;4;1,74;35;28;4;1;0;0;8;6;24;13;0;0;1;11;1;2;2;0;0;3;2;1;0;0;0;0;0;0;0;1;20;11;6;0;1;3;7;3;0,32;0;8;7;7;4;27;14;12;3;2;0;0;0;0;0;0;0;0;0;0;0
Barcelona - Deportivo Alavés 1:2;Spain. LaLiga;2016-09-10;RWF;35;40;20;0;0;3;0;0,18;21;15;5;2;0;0;5;2;14;5;0;0;0;4;0;1;1;0;0;2;1;2;0;0;0;0;0;0;0;0;10;4;2;0;1;0;6;3;0;0;1;0;7;6;15;7;5;4;3;0;0;0;0;0;0;0;0;0;0;0
Athletic Club - Barcelona 0:1;Spain. LaLiga;2016-08-28;RWF;94;86;51;0;0;2;0;0,42;47;35;5;3;0;0;12;6;31;13;0;0;3;13;0;1;1;0;0;3;2;5;1;0;0;0;0;0;0;2;23;10;5;0;2;2;6;0;0,38;0;9;5;5;2;35;14;6;10;9;0;0;0;0;0;0;0;0;0;0;0
Barcelona - Real Betis 6:2;Spain. LaLiga;2016-08-20;RWF;93;125;87;2;1;12;5;1,21;81;66;7;4;3;1;14;8;26;14;0;0;0;20;0;5;5;0;0;2;2;4;1;0;0;0;1;0;0;5;20;11;9;0;3;2;11;7;1,18;1;12;9;17;11;67;28;22;10;10;0;0;0;0;0;0;0;0;0;0;0
Granada - Barcelona 0:3;Spain. LaLiga;2016-05-14;RWF;94;70;48;0;0;4;3;0,26;49;37;7;4;0;0;5;2;16;8;0;0;1;10;1;1;1;0;0;1;1;0;0;0;0;0;0;0;0;2;15;7;2;0;0;2;12;6;0,07;1;11;7;10;5;34;21;15;12;12;0;0;0;0;0;0;0;0;0;0;0
Barcelona - Espanyol 5:0;Spain. LaLiga;2016-05-08;RWF;93;105;71;1;1;6;2;1,68;54;47;6;5;2;0;24;15;37;21;0;0;1;16;0;2;2;12;0;1;0;3;1;0;0;1;1;1;0;3;33;20;9;0;3;5;3;2;1,03;0;9;8;7;5;40;22;19;13;13;0;0;0;0;0;0;0;0;0;0;0
Real Betis - Barcelona 0:2;Spain. LaLiga;2016-04-30;RWF;94;116;74;0;2;3;0;0,46;81;62;12;11;1;0;13;5;28;10;0;0;0;19;1;1;0;23;0;3;1;2;2;0;0;0;0;1;0;3;23;7;6;0;0;3;12;3;0,91;0;14;9;14;8;63;27;13;14;14;0;0;0;0;0;0;0;0;0;0;0
Barcelona - Sporting Gijón 6:0;Spain. LaLiga;2016-04-23;RWF;92;104;77;1;1;7;3;0,91;70;60;8;4;1;0;16;7;26;13;1;1;0;8;1;1;1;0;0;0;0;1;1;0;0;0;0;0;0;3;24;11;7;0;5;0;11;6;0,57;1;12;9;15;11;56;30;22;12;11;0;0;0;0;0;0;0;0;0;0;0
Deportivo La Coruña - Barcelona 0:8;Spain. LaLiga;2016-04-20;RWF;90;104;78;1;2;4;2;0,8;75;67;9;6;0;0;13;6;23;8;1;0;0;9;2;0;0;0;0;0;0;3;0;0;0;0;1;0;0;3;19;8;6;0;4;0;6;2;0,64;2;6;6;11;7;66;18;14;20;19;0;0;0;0;0;0;0;0;0;0;0
Barcelona - Valencia 1:2;Spain. LaLiga;2016-04-17;RWF;95;88;58;1;0;7;4;0,88;49;39;5;1;1;1;13;7;26;12;1;1;1;12;1;2;2;0;0;1;1;2;0;0;0;0;0;0;0;2;22;10;8;0;2;2;7;4;0,22;0;8;4;9;7;37;17;13;11;11;0;0;0;0;0;0;1;1;0;0;0
Real Sociedad - Barcelona 1:0;Spain. LaLiga;2016-04-09;RWF;93;93;58;0;0;7;2;0,66;55;43;13;5;2;0;14;9;31;13;1;0;0;15;1;0;0;0;0;2;1;6;1;0;0;0;0;0;0;0;22;11;4;0;0;3;8;1;0;0;11;7;7;2;44;18;8;7;6;0;0;0;0;0;0;0;0;0;0;0
Barcelona - Real Madrid 1:2;Spain. LaLiga;2016-04-02;RWF;93;110;78;0;0;3;1;0,13;75;65;7;3;0;0;10;5;22;7;0;0;0;11;0;2;2;0;0;1;0;5;2;0;0;0;2;0;0;3;16;5;3;0;2;0;5;2;0,45;0;13;11;7;3;65;20;14;13;13;0;0;0;0;0;0;0;0;0;0;0
Villarreal - Barcelona 2:2;Spain. LaLiga;2016-03-20;RWF;96;100;80;0;0;4;1;0,21;63;60;11;10;0;0;12;6;24;13;2;0;0;7;2;0;0;0;0;4;3;1;1;0;0;0;1;0;0;3;17;9;0;1;5;1;4;3;0,49;0;11;10;7;7;56;14;13;12;12;0;0;0;0;0;0;0;0;0;0;0
Barcelona - Getafe 6:0;Spain. LaLiga;2016-03-12;RWF;92;91;64;1;3;6;2;1,08;50;42;8;5;3;0;17;10;33;19;0;0;0;8;0;2;2;0;0;2;1;1;1;0;0;0;0;0;0;6;30;17;4;0;6;3;7;2;1,75;0;12;10;13;8;37;16;13;8;8;0;0;0;0;0;0;0;0;0;0;0
Eibar - Barcelona 0:4;Spain. LaLiga;2016-03-06;RWF;92;102;80;2;0;3;3;1,08;62;54;11;8;2;1;14;11;30;19;1;0;1;13;1;2;1;0;0;2;1;2;0;0;0;0;0;0;0;3;25;18;3;0;5;5;9;4;0,59;1;7;5;10;7;43;15;11;16;15;0;0;0;0;0;0;0;0;0;0;0
Rayo Vallecano - Barcelona 1:5;Spain. LaLiga;2016-03-03;RWF;91;78;58;3;0;5;4;0,98;42;34;2;0;0;0;13;9;26;16;4;3;0;11;3;4;4;0;0;0;0;2;1;0;0;0;0;0;0;5;20;12;9;1;2;3;5;3;0,51;1;5;5;5;4;29;9;8;12;12;0;0;0;0;0;0;0;0;0;0;0
Barcelona - Sevilla 2:1;Spain. LaLiga;2016-02-28;RWF;92;95;71;1;0;4;2;0,52;67;53;3;1;0;0;9;8;18;11;0;0;1;12;1;4;3;0;0;1;0;1;1;0;0;0;0;0;0;3;16;10;5;0;5;0;10;4;0,17;1;9;7;9;8;49;24;17;15;11;0;0;0;0;0;0;0;0;0;0;0
Las Palmas - Barcelona 1:2;Spain. LaLiga;2016-02-20;RWF;93;81;47;0;0;4;2;0,31;36;31;3;1;0;0;6;2;27;8;1;0;1;6;0;3;3;0;0;3;3;6;1;0;0;0;1;0;0;2;17;4;5;2;1;1;2;1;0,23;0;5;4;4;4;28;8;6;8;7;0;0;0;0;0;0;0;0;0;0;0
Sporting Gijón - Barcelona 1:3;Spain. LaLiga;2016-02-17;RWF;94;105;76;2;0;4;3;0,62;71;57;4;2;0;0;10;5;27;15;1;0;0;11;0;2;2;0;0;3;2;2;2;0;0;0;1;0;0;2;21;11;4;0;2;2;13;5;0,45;0;7;3;14;8;60;26;18;10;9;0;0;0;0;0;0;0;0;0;0;0
Barcelona - Celta de Vigo 6:1;Spain. LaLiga;2016-02-14;RWF;92;74;46;1;2;4;3;1,03;35;25;2;1;1;0;14;9;33;16;1;0;0;14;0;2;2;0;0;1;1;3;2;0;0;0;0;0;0;3;28;13;0;0;4;2;6;2;0,95;1;8;4;6;4;20;13;8;11;9;0;0;0;0;0;0;0;0;0;0;0
Levante - Barcelona 0:2;Spain. LaLiga;2016-02-07;RWF;92;77;60;0;1;2;1;0,04;61;54;8;6;0;0;4;2;11;5;0;0;0;8;0;0;0;0;0;1;1;3;1;0;0;0;0;0;0;1;7;3;2;2;0;1;4;1;0,33;0;9;8;14;9;57;22;17;8;8;0;0;0;0;0;0;0;0;0;0;0
Barcelona - Atlético Madrid 2:1;Spain. LaLiga;2016-01-30;RWF;93;99;67;1;0;3;2;0,44;61;48;5;3;1;0;4;3;33;17;2;0;2;14;5;3;1;0;0;4;3;3;3;0;0;0;0;0;0;2;24;11;5;0;0;3;4;1;0,09;0;7;5;5;2;45;11;8;18;16;0;0;0;0;0;0;1;1;0;0;0
Málaga - Barcelona 1:2;Spain. LaLiga;2016-01-23;RWF;96;86;49;1;0;6;2;1,27;47;39;8;4;1;0;13;6;27;9;2;0;0;11;0;2;2;65;0;2;1;4;0;1;0;0;1;1;0;3;19;8;4;1;2;1;5;2;0,35;0;4;1;3;3;37;9;7;11;11;0;0;0;0;0;0;0;0;0;0;0
Barcelona - Athletic Club 6:0;Spain. LaLiga;2016-01-17;RWF;46;49;33;1;0;3;1;0,99;34;28;6;4;0;0;4;1;12;4;0;0;0;9;2;2;2;0;0;2;0;4;3;0;0;0;0;0;0;2;6;1;1;0;0;1;4;1;0,06;0;4;3;4;1;32;4;2;5;5;0;0;0;0;0;0;0;0;0;0;0
Barcelona - Granada 4:0;Spain. LaLiga;2016-01-09;RWF;92;93;69;3;0;5;4;1,68;67;57;5;2;1;0;7;1;18;7;0;0;1;12;1;6;6;0;0;0;0;3;2;0;0;0;0;0;0;2;15;5;6;0;3;1;12;4;0,27;1;13;9;7;4;49;18;11;18;17;0;0;0;0;0;0;0;0;0;0;0
Espanyol - Barcelona 0:0;Spain. LaLiga;2016-01-02;RWF;92;79;50;0;0;4;1;0,25;41;32;5;4;2;0;17;10;29;14;0;0;2;15;2;3;3;0;0;3;3;2;0;0;0;0;1;0;0;1;24;11;4;0;4;4;4;2;0,02;0;10;8;5;3;31;14;12;9;9;0;0;0;0;0;0;0;0;0;0;0
Barcelona - Real Betis 4:0;Spain. LaLiga;2015-12-30;RWF;94;73;47;1;0;5;3;0,92;48;36;6;5;0;0;3;3;17;9;1;0;1;14;2;2;2;0;0;1;0;4;2;0;0;0;0;0;0;2;11;7;2;0;0;3;8;5;0,08;1;5;4;7;5;39;18;11;15;13;0;0;0;0;0;0;0;0;0;0;0
Barcelona - Deportivo La Coruña 2:2;Spain. LaLiga;2015-12-12;RWF;95;134;101;1;1;6;3;0,39;91;76;8;7;2;0;27;19;35;21;0;0;0;12;0;0;0;0;0;0;0;2;2;0;0;0;0;0;0;5;33;19;5;0;6;1;9;4;0,6;0;15;14;16;11;74;28;19;11;9;0;0;0;0;0;0;0;0;0;0;0
Valencia - Barcelona 1:1;Spain. LaLiga;2015-12-05;RWF;94;115;65;0;1;6;3;0,6;59;47;5;1;1;0;11;5;42;12;1;0;2;21;1;2;2;0;0;3;2;7;1;0;0;0;2;0;0;1;31;9;5;0;5;1;6;2;0,12;0;9;6;4;2;46;17;10;13;13;0;0;0;0;0;0;0;0;0;0;0
Barcelona - Real Sociedad 4:0;Spain. LaLiga;2015-11-28;RWF;95;66;41;1;0;6;2;0,59;31;25;6;2;1;0;12;7;25;12;1;0;1;8;3;2;1;0;0;3;3;2;0;0;0;0;0;0;0;0;19;9;5;1;2;1;4;2;0;0;5;2;7;6;22;7;4;3;3;0;0;0;0;0;0;0;0;0;0;0
Real Madrid - Barcelona 0:4;Spain. LaLiga;2015-11-21;RWF, CF;36;46;33;0;0;2;0;0,06;32;26;6;5;0;0;4;2;8;4;0;0;0;3;1;0;0;0;0;0;0;2;2;0;0;0;0;0;0;0;6;2;1;0;3;1;4;1;0;1;9;7;3;1;24;14;10;9;8;0;0;0;0;0;0;0;0;0;0;0
Barcelona - Las Palmas 2:1;Spain. LaLiga;2015-09-26;RWF;9;10;9;0;0;1;1;0,07;6;6;0;0;0;0;2;1;3;2;0;0;0;0;0;0;0;0;0;0;0;0;0;0;0;0;0;0;0;0;3;2;1;0;0;0;0;0;0;0;2;2;0;0;4;2;2;2;2;0;0;0;0;0;0;0;0;0;0;0
Celta de Vigo - Barcelona 4:1;Spain. LaLiga;2015-09-23;AMF, RWF;92;77;51;0;1;7;3;0,79;41;35;3;2;1;1;10;6;28;13;3;0;0;7;1;1;1;0;0;1;1;1;1;0;0;0;0;0;0;6;23;11;6;0;0;3;5;4;1,04;0;6;2;8;7;29;14;12;6;5;0;0;0;0;0;0;0;0;0;0;0
Barcelona - Levante 4:1;Spain. LaLiga;2015-09-20;AMF;92;111;78;2;1;10;4;2,1;60;50;7;5;1;1;21;15;33;19;1;1;1;8;0;1;1;0;0;2;0;5;1;0;0;0;0;0;0;3;25;17;7;1;7;2;8;4;0,51;0;15;12;11;8;48;26;20;7;6;0;0;0;0;0;0;0;0;0;0;0
Atlético Madrid - Barcelona 1:2;Spain. LaLiga;2015-09-12;RWF;33;53;42;1;0;3;1;0,16;27;26;2;1;0;0;13;9;18;12;0;0;0;4;2;2;2;0;0;3;1;0;0;0;0;0;2;0;0;2;15;11;1;0;1;2;2;1;0,26;0;4;3;5;4;23;12;11;4;4;0;0;0;0;0;0;0;0;0;0;0
Barcelona - Málaga 1:0;Spain. LaLiga;2015-08-29;RWF;94;121;88;0;0;7;5;0,7;80;64;15;14;3;1;19;13;30;16;0;0;2;10;1;4;4;0;0;3;2;4;1;0;0;0;0;0;0;2;23;13;6;0;3;1;7;1;0,06;0;16;15;16;11;58;24;18;11;10;0;0;0;0;0;0;0;0;0;0;0
Athletic Club - Barcelona 0:1;Spain. LaLiga;2015-08-23;RWF;97;78;54;0;0;5;2;0,99;48;35;4;3;1;0;9;8;22;14;2;0;1;17;1;3;3;0;0;2;2;1;1;0;0;0;0;0;0;1;17;11;2;0;4;0;3;1;0,22;0;9;5;4;1;35;13;8;13;12;0;0;0;0;0;0;0;0;0;0;0
